{
  "metrics": {
    "ACO": {
      "success_rate": 1.0,
      "avg_length": 56.666666666666664,
      "std_length": 7.363574011458174,
      "avg_time": 31.552531321843464,
      "std_time": 37.377050036836216
    },
    "PSO": {
      "success_rate": 1.0,
      "avg_length": 116.0,
      "std_length": 8.640987597877148,
      "avg_time": 8.191725571950277,
      "std_time": 2.9984807710992434
    },
    "ABC": {
      "success_rate": 1.0,
      "avg_length": 174.66666666666666,
      "std_length": 41.61196409153929,
      "avg_time": 1.0684315363566081,
      "std_time": 1.0374854479003162
    }
  },
  "comparisons": {
    "ACO_vs_PSO": {
      "path_length_p": 0.0017869059218974276,
      "time_p": 0.42804402258904467
    },
    "ACO_vs_ABC": {
      "path_length_p": 0.01683261401294637,
      "time_p": 0.31313469590939763
    },
    "PSO_vs_ABC": {
      "path_length_p": 0.12264932426178873,
      "time_p": 0.033696890039885206
    }
  }
}